Timestamp,SuperPlayer_1,SuperPlayer_2,Punteggio_SP1,Punteggio_SP2
19-11-2025 16:26,SP1,SP2,1,1
19-11-2025 16:26,SP1,SP2,1.5,0.5
19-11-2025 16:26,SP1,SP3,2,0
19-11-2025 16:26,SP1,SP4,0.5,1.5
19-11-2025 16:26,SP1,SP5,0,2
19-11-2025 16:26,SP1,SP6,2,0
19-11-2025 16:26,SP1,SP7,0,2
19-11-2025 16:26,SP1,SP8,1,1
19-11-2025 16:26,SP1,SP9,0.5,1.5
19-11-2025 16:26,SP1,SP10,1,1
19-11-2025 16:26,SP1,SP11,1.5,0.5
19-11-2025 16:26,SP1,SP12,1.5,0.5
19-11-2025 16:26,SP2,SP3,2,0
19-11-2025 16:26,SP2,SP4,0.5,1.5
19-11-2025 16:26,SP2,SP5,1.5,0.5
19-11-2025 16:26,SP2,SP6,1,1
19-11-2025 16:26,SP2,SP7,0.5,1.5
19-11-2025 16:26,SP2,SP8,0.5,1.5
19-11-2025 16:26,SP2,SP9,0.5,1.5
19-11-2025 16:26,SP2,SP10,2,0
19-11-2025 16:26,SP2,SP11,0,2
19-11-2025 16:26,SP2,SP12,0.5,1.5
19-11-2025 16:26,SP3,SP4,1.5,0.5
19-11-2025 16:26,SP3,SP5,0,2
19-11-2025 16:26,SP3,SP6,0.5,1.5
19-11-2025 16:26,SP3,SP7,1,1
19-11-2025 16:26,SP3,SP8,1.5,0.5
19-11-2025 16:26,SP3,SP9,1.5,0.5
19-11-2025 16:26,SP3,SP10,0,2
19-11-2025 16:26,SP3,SP11,2,0
19-11-2025 16:26,SP3,SP12,0.5,1.5
19-11-2025 16:26,SP4,SP5,0,2
19-11-2025 16:26,SP4,SP6,1,1
19-11-2025 16:26,SP4,SP7,1,1
19-11-2025 16:26,SP4,SP8,0.5,1.5
19-11-2025 16:26,SP4,SP9,0,2
19-11-2025 16:26,SP4,SP10,2,0
19-11-2025 16:26,SP4,SP11,1.5,0.5
19-11-2025 16:26,SP4,SP12,1.5,0.5
19-11-2025 16:26,SP5,SP6,1.5,0.5
19-11-2025 16:26,SP5,SP7,0.5,1.5
19-11-2025 16:26,SP5,SP8,1.5,0.5
19-11-2025 16:26,SP5,SP9,0,2
19-11-2025 16:26,SP5,SP10,1,1
19-11-2025 16:26,SP5,SP11,2,0
19-11-2025 16:26,SP5,SP12,0.5,1.5
19-11-2025 16:26,SP6,SP7,0,2
19-11-2025 16:26,SP6,SP8,1,1
19-11-2025 16:26,SP6,SP9,2,0
19-11-2025 16:26,SP6,SP10,0,2
19-11-2025 16:26,SP6,SP11,1,1
19-11-2025 16:26,SP6,SP12,2,0
19-11-2025 16:26,SP7,SP8,1.5,0.5
19-11-2025 16:26,SP7,SP9,1.5,0.5
19-11-2025 16:26,SP7,SP10,0.5,1.5
19-11-2025 16:26,SP7,SP11,1,1
19-11-2025 16:26,SP7,SP12,2,0
19-11-2025 16:26,SP8,SP9,2,0
19-11-2025 16:26,SP8,SP10,2,0
19-11-2025 16:26,SP8,SP11,1,1
19-11-2025 16:26,SP8,SP12,0,2
19-11-2025 16:26,SP9,SP10,0,2
19-11-2025 16:26,SP9,SP11,0.5,1.5
19-11-2025 16:26,SP9,SP12,0.5,1.5
19-11-2025 16:26,SP10,SP11,0,2
19-11-2025 16:26,SP10,SP12,1,1
19-11-2025 16:26,SP11,SP12,1,1
19-11-2025 16:26,SP7,SP5,1,1
19-11-2025 16:26,SP7,SP13,1.5,0.5
19-11-2025 16:26,SP7,SP14,0.5,1.5
19-11-2025 16:26,SP7,SP15,0.5,1.5
19-11-2025 16:26,SP7,SP16,1.5,0.5
19-11-2025 16:26,SP7,SP17,1,1
19-11-2025 16:26,SP7,SP18,1,1
19-11-2025 16:26,SP7,SP19,1,1
19-11-2025 16:26,SP7,SP20,0,2
19-11-2025 16:26,SP7,SP21,0,2
19-11-2025 16:26,SP7,SP22,1.5,0.5
19-11-2025 16:26,SP5,SP13,0.5,1.5
19-11-2025 16:26,SP5,SP14,1,1
19-11-2025 16:26,SP5,SP15,0,2
19-11-2025 16:26,SP5,SP16,1.5,0.5
19-11-2025 16:26,SP5,SP17,2,0
19-11-2025 16:26,SP5,SP18,1,1
19-11-2025 16:26,SP5,SP19,0.5,1.5
19-11-2025 16:26,SP5,SP20,1,1
19-11-2025 16:26,SP5,SP21,0,2
19-11-2025 16:26,SP5,SP22,1,1
19-11-2025 16:26,SP13,SP14,2,0
19-11-2025 16:26,SP13,SP15,1,1
19-11-2025 16:26,SP13,SP16,0,2
19-11-2025 16:26,SP13,SP17,1.5,0.5
19-11-2025 16:26,SP13,SP18,1,1
19-11-2025 16:26,SP13,SP19,2,0
19-11-2025 16:26,SP13,SP20,0.5,1.5
19-11-2025 16:26,SP13,SP21,1,1
19-11-2025 16:26,SP13,SP22,1.5,0.5
19-11-2025 16:26,SP14,SP15,0.5,1.5
19-11-2025 16:26,SP14,SP16,1.5,0.5
19-11-2025 16:26,SP14,SP17,2,0
19-11-2025 16:26,SP14,SP18,0.5,1.5
19-11-2025 16:26,SP14,SP19,2,0
19-11-2025 16:26,SP14,SP20,0,2
19-11-2025 16:26,SP14,SP21,0,2
19-11-2025 16:26,SP14,SP22,2,0
19-11-2025 16:26,SP15,SP16,0,2
19-11-2025 16:26,SP15,SP17,0.5,1.5
19-11-2025 16:26,SP15,SP18,0,2
19-11-2025 16:26,SP15,SP19,1.5,0.5
19-11-2025 16:26,SP15,SP20,2,0
19-11-2025 16:26,SP15,SP21,2,0
19-11-2025 16:26,SP15,SP22,2,0
19-11-2025 16:26,SP16,SP17,1.5,0.5
19-11-2025 16:26,SP16,SP18,0,2
19-11-2025 16:26,SP16,SP19,2,0
19-11-2025 16:26,SP16,SP20,1.5,0.5
19-11-2025 16:26,SP16,SP21,0.5,1.5
19-11-2025 16:26,SP16,SP22,1.5,0.5
19-11-2025 16:26,SP17,SP18,0,2
19-11-2025 16:26,SP17,SP19,2,0
19-11-2025 16:26,SP17,SP20,0,2
19-11-2025 16:26,SP17,SP21,1,1
19-11-2025 16:26,SP17,SP22,0,2
19-11-2025 16:26,SP18,SP19,0,2
19-11-2025 16:26,SP18,SP20,2,0
19-11-2025 16:26,SP18,SP21,1.5,0.5
19-11-2025 16:26,SP18,SP22,1.5,0.5
19-11-2025 16:26,SP19,SP20,1.5,0.5
19-11-2025 16:26,SP19,SP21,0.5,1.5
19-11-2025 16:26,SP19,SP22,1.5,0.5
19-11-2025 16:26,SP20,SP21,0.5,1.5
19-11-2025 16:26,SP20,SP22,1.5,0.5
19-11-2025 16:26,SP21,SP22,1,1
19-11-2025 16:26,SP18,SP15,1.5,0.5
19-11-2025 16:26,SP18,SP23,2,0
19-11-2025 16:26,SP18,SP24,2,0
19-11-2025 16:26,SP18,SP25,0,2
19-11-2025 16:26,SP18,SP26,2,0
19-11-2025 16:26,SP18,SP27,1.5,0.5
19-11-2025 16:26,SP18,SP28,0.5,1.5
19-11-2025 16:26,SP18,SP29,2,0
19-11-2025 16:26,SP18,SP30,0,2
19-11-2025 16:26,SP18,SP31,1,1
19-11-2025 16:26,SP18,SP32,1.5,0.5
19-11-2025 16:26,SP15,SP23,0.5,1.5
19-11-2025 16:26,SP15,SP24,0.5,1.5
19-11-2025 16:26,SP15,SP25,2,0
19-11-2025 16:26,SP15,SP26,0.5,1.5
19-11-2025 16:26,SP15,SP27,1.5,0.5
19-11-2025 16:26,SP15,SP28,1.5,0.5
19-11-2025 16:26,SP15,SP29,0,2
19-11-2025 16:26,SP15,SP30,1.5,0.5
19-11-2025 16:26,SP15,SP31,1.5,0.5
19-11-2025 16:26,SP15,SP32,0.5,1.5
19-11-2025 16:26,SP23,SP24,0,2
19-11-2025 16:26,SP23,SP25,0.5,1.5
19-11-2025 16:26,SP23,SP26,1.5,0.5
19-11-2025 16:26,SP23,SP27,1,1
19-11-2025 16:26,SP23,SP28,0,2
19-11-2025 16:26,SP23,SP29,0.5,1.5
19-11-2025 16:26,SP23,SP30,0.5,1.5
19-11-2025 16:26,SP23,SP31,1,1
19-11-2025 16:26,SP23,SP32,0.5,1.5
19-11-2025 16:26,SP24,SP25,1.5,0.5
19-11-2025 16:26,SP24,SP26,2,0
19-11-2025 16:26,SP24,SP27,1.5,0.5
19-11-2025 16:26,SP24,SP28,0.5,1.5
19-11-2025 16:26,SP24,SP29,0.5,1.5
19-11-2025 16:26,SP24,SP30,1.5,0.5
19-11-2025 16:26,SP24,SP31,1.5,0.5
19-11-2025 16:26,SP24,SP32,0.5,1.5
19-11-2025 16:26,SP25,SP26,2,0
19-11-2025 16:26,SP25,SP27,1.5,0.5
19-11-2025 16:26,SP25,SP28,1.5,0.5
19-11-2025 16:26,SP25,SP29,0,2
19-11-2025 16:26,SP25,SP30,0.5,1.5
19-11-2025 16:26,SP25,SP31,0.5,1.5
19-11-2025 16:26,SP25,SP32,1.5,0.5
19-11-2025 16:26,SP26,SP27,0,2
19-11-2025 16:26,SP26,SP28,1.5,0.5
19-11-2025 16:26,SP26,SP29,1,1
19-11-2025 16:26,SP26,SP30,0,2
19-11-2025 16:26,SP26,SP31,1,1
19-11-2025 16:26,SP26,SP32,0.5,1.5
19-11-2025 16:26,SP27,SP28,0,2
19-11-2025 16:26,SP27,SP29,0.5,1.5
19-11-2025 16:26,SP27,SP30,2,0
19-11-2025 16:26,SP27,SP31,1,1
19-11-2025 16:26,SP27,SP32,0,2
19-11-2025 16:26,SP28,SP29,1.5,0.5
19-11-2025 16:26,SP28,SP30,0.5,1.5
19-11-2025 16:26,SP28,SP31,1.5,0.5
19-11-2025 16:26,SP28,SP32,1,1
19-11-2025 16:26,SP29,SP30,1,1
19-11-2025 16:26,SP29,SP31,1,1
19-11-2025 16:26,SP29,SP32,2,0
19-11-2025 16:26,SP30,SP31,1.5,0.5
19-11-2025 16:26,SP30,SP32,2,0
19-11-2025 16:26,SP31,SP32,2,0
19-11-2025 16:26,SP30,SP29,2,0
19-11-2025 16:26,SP30,SP33,1.5,0.5
19-11-2025 16:26,SP30,SP34,0,2
19-11-2025 16:26,SP30,SP35,2,0
19-11-2025 16:26,SP30,SP36,1,1
19-11-2025 16:26,SP30,SP37,0.5,1.5
19-11-2025 16:26,SP30,SP38,0.5,1.5
19-11-2025 16:26,SP30,SP39,0,2
19-11-2025 16:26,SP30,SP40,1.5,0.5
19-11-2025 16:26,SP30,SP41,0,2
19-11-2025 16:26,SP30,SP42,1,1
19-11-2025 16:26,SP29,SP33,0.5,1.5
19-11-2025 16:26,SP29,SP34,0.5,1.5
19-11-2025 16:26,SP29,SP35,1,1
19-11-2025 16:26,SP29,SP36,2,0
19-11-2025 16:26,SP29,SP37,0.5,1.5
19-11-2025 16:26,SP29,SP38,1,1
19-11-2025 16:26,SP29,SP39,0.5,1.5
19-11-2025 16:26,SP29,SP40,1.5,0.5
19-11-2025 16:26,SP29,SP41,1,1
19-11-2025 16:26,SP29,SP42,2,0
19-11-2025 16:26,SP33,SP34,0.5,1.5
19-11-2025 16:26,SP33,SP35,1.5,0.5
19-11-2025 16:26,SP33,SP36,0.5,1.5
19-11-2025 16:26,SP33,SP37,2,0
19-11-2025 16:26,SP33,SP38,0.5,1.5
19-11-2025 16:26,SP33,SP39,0.5,1.5
19-11-2025 16:26,SP33,SP40,0.5,1.5
19-11-2025 16:26,SP33,SP41,1,1
19-11-2025 16:26,SP33,SP42,0,2
19-11-2025 16:26,SP34,SP35,0.5,1.5
19-11-2025 16:26,SP34,SP36,0,2
19-11-2025 16:26,SP34,SP37,1.5,0.5
19-11-2025 16:26,SP34,SP38,2,0
19-11-2025 16:26,SP34,SP39,1,1
19-11-2025 16:26,SP34,SP40,1,1
19-11-2025 16:26,SP34,SP41,0.5,1.5
19-11-2025 16:26,SP34,SP42,0,2
19-11-2025 16:26,SP35,SP36,0,2
19-11-2025 16:26,SP35,SP37,1.5,0.5
19-11-2025 16:26,SP35,SP38,1,1
19-11-2025 16:26,SP35,SP39,2,0
19-11-2025 16:26,SP35,SP40,0,2
19-11-2025 16:26,SP35,SP41,2,0
19-11-2025 16:26,SP35,SP42,0,2
19-11-2025 16:26,SP36,SP37,0,2
19-11-2025 16:26,SP36,SP38,0,2
19-11-2025 16:26,SP36,SP39,0.5,1.5
19-11-2025 16:26,SP36,SP40,0.5,1.5
19-11-2025 16:26,SP36,SP41,0,2
19-11-2025 16:26,SP36,SP42,0.5,1.5
19-11-2025 16:26,SP37,SP38,1,1
19-11-2025 16:26,SP37,SP39,0,2
19-11-2025 16:26,SP37,SP40,0,2
19-11-2025 16:26,SP37,SP41,0.5,1.5
19-11-2025 16:26,SP37,SP42,1,1
19-11-2025 16:26,SP38,SP39,0,2
19-11-2025 16:26,SP38,SP40,0,2
19-11-2025 16:26,SP38,SP41,0.5,1.5
19-11-2025 16:26,SP38,SP42,0,2
19-11-2025 16:26,SP39,SP40,1,1
19-11-2025 16:26,SP39,SP41,1.5,0.5
19-11-2025 16:26,SP39,SP42,0,2
19-11-2025 16:26,SP40,SP41,1,1
19-11-2025 16:26,SP40,SP42,1,1
19-11-2025 16:26,SP41,SP42,2,0
19-11-2025 16:26,SP40,SP41,1.5,0.5
19-11-2025 16:26,SP40,SP43,2,0
19-11-2025 16:26,SP40,SP44,0,2
19-11-2025 16:26,SP40,SP45,1,1
19-11-2025 16:26,SP40,SP46,1.5,0.5
19-11-2025 16:26,SP40,SP47,2,0
19-11-2025 16:26,SP40,SP48,1.5,0.5
19-11-2025 16:26,SP40,SP49,1.5,0.5
19-11-2025 16:26,SP40,SP50,1.5,0.5
19-11-2025 16:26,SP40,SP51,2,0
19-11-2025 16:26,SP40,SP52,0,2
19-11-2025 16:26,SP41,SP43,1.5,0.5
19-11-2025 16:26,SP41,SP44,1,1
19-11-2025 16:26,SP41,SP45,1,1
19-11-2025 16:26,SP41,SP46,1.5,0.5
19-11-2025 16:26,SP41,SP47,1.5,0.5
19-11-2025 16:26,SP41,SP48,1,1
19-11-2025 16:26,SP41,SP49,0.5,1.5
19-11-2025 16:26,SP41,SP50,1.5,0.5
19-11-2025 16:26,SP41,SP51,2,0
19-11-2025 16:26,SP41,SP52,2,0
19-11-2025 16:26,SP43,SP44,1,1
19-11-2025 16:26,SP43,SP45,1.5,0.5
19-11-2025 16:26,SP43,SP46,0.5,1.5
19-11-2025 16:26,SP43,SP47,1,1
19-11-2025 16:26,SP43,SP48,2,0
19-11-2025 16:26,SP43,SP49,0,2
19-11-2025 16:26,SP43,SP50,1.5,0.5
19-11-2025 16:26,SP43,SP51,0,2
19-11-2025 16:26,SP43,SP52,0.5,1.5
19-11-2025 16:26,SP44,SP45,2,0
19-11-2025 16:26,SP44,SP46,0.5,1.5
19-11-2025 16:26,SP44,SP47,2,0
19-11-2025 16:26,SP44,SP48,1,1
19-11-2025 16:26,SP44,SP49,1,1
19-11-2025 16:26,SP44,SP50,0.5,1.5
19-11-2025 16:26,SP44,SP51,0.5,1.5
19-11-2025 16:26,SP44,SP52,2,0
19-11-2025 16:26,SP45,SP46,1.5,0.5
19-11-2025 16:26,SP45,SP47,1,1
19-11-2025 16:26,SP45,SP48,1,1
19-11-2025 16:26,SP45,SP49,2,0
19-11-2025 16:26,SP45,SP50,0.5,1.5
19-11-2025 16:26,SP45,SP51,0,2
19-11-2025 16:26,SP45,SP52,1,1
19-11-2025 16:26,SP46,SP47,1,1
19-11-2025 16:26,SP46,SP48,0.5,1.5
19-11-2025 16:26,SP46,SP49,1,1
19-11-2025 16:26,SP46,SP50,1.5,0.5
19-11-2025 16:26,SP46,SP51,0,2
19-11-2025 16:26,SP46,SP52,2,0
19-11-2025 16:26,SP47,SP48,1,1
19-11-2025 16:26,SP47,SP49,0,2
19-11-2025 16:26,SP47,SP50,0,2
19-11-2025 16:26,SP47,SP51,0,2
19-11-2025 16:26,SP47,SP52,2,0
19-11-2025 16:26,SP48,SP49,0,2
19-11-2025 16:26,SP48,SP50,2,0
19-11-2025 16:26,SP48,SP51,1.5,0.5
19-11-2025 16:26,SP48,SP52,0.5,1.5
19-11-2025 16:26,SP49,SP50,1.5,0.5
19-11-2025 16:26,SP49,SP51,2,0
19-11-2025 16:26,SP49,SP52,0,2
19-11-2025 16:26,SP50,SP51,0,2
19-11-2025 16:26,SP50,SP52,0.5,1.5
19-11-2025 16:26,SP51,SP52,0.5,1.5
19-11-2025 16:26,SP41,SP40,0.5,1.5
19-11-2025 16:26,SP41,SP53,2,0
19-11-2025 16:26,SP41,SP54,2,0
19-11-2025 16:26,SP41,SP55,2,0
19-11-2025 16:26,SP41,SP56,0.5,1.5
19-11-2025 16:26,SP41,SP57,1.5,0.5
19-11-2025 16:26,SP41,SP58,1,1
19-11-2025 16:26,SP41,SP59,0.5,1.5
19-11-2025 16:26,SP41,SP60,0.5,1.5
19-11-2025 16:26,SP41,SP61,1.5,0.5
19-11-2025 16:26,SP41,SP62,0.5,1.5
19-11-2025 16:26,SP40,SP53,1.5,0.5
19-11-2025 16:26,SP40,SP54,1.5,0.5
19-11-2025 16:26,SP40,SP55,0,2
19-11-2025 16:26,SP40,SP56,2,0
19-11-2025 16:26,SP40,SP57,1,1
19-11-2025 16:26,SP40,SP58,0.5,1.5
19-11-2025 16:26,SP40,SP59,0,2
19-11-2025 16:26,SP40,SP60,2,0
19-11-2025 16:26,SP40,SP61,0.5,1.5
19-11-2025 16:26,SP40,SP62,1,1
19-11-2025 16:26,SP53,SP54,1.5,0.5
19-11-2025 16:26,SP53,SP55,0,2
19-11-2025 16:26,SP53,SP56,1,1
19-11-2025 16:26,SP53,SP57,0.5,1.5
19-11-2025 16:26,SP53,SP58,0.5,1.5
19-11-2025 16:26,SP53,SP59,0,2
19-11-2025 16:26,SP53,SP60,0.5,1.5
19-11-2025 16:26,SP53,SP61,0.5,1.5
19-11-2025 16:26,SP53,SP62,1,1
19-11-2025 16:26,SP54,SP55,0,2
19-11-2025 16:26,SP54,SP56,1,1
19-11-2025 16:26,SP54,SP57,0.5,1.5
19-11-2025 16:26,SP54,SP58,0,2
19-11-2025 16:26,SP54,SP59,0.5,1.5
19-11-2025 16:26,SP54,SP60,0.5,1.5
19-11-2025 16:26,SP54,SP61,0,2
19-11-2025 16:26,SP54,SP62,0,2
19-11-2025 16:26,SP55,SP56,1.5,0.5
19-11-2025 16:26,SP55,SP57,1.5,0.5
19-11-2025 16:26,SP55,SP58,2,0
19-11-2025 16:26,SP55,SP59,1,1
19-11-2025 16:26,SP55,SP60,0.5,1.5
19-11-2025 16:26,SP55,SP61,2,0
19-11-2025 16:26,SP55,SP62,1,1
19-11-2025 16:26,SP56,SP57,2,0
19-11-2025 16:26,SP56,SP58,0,2
19-11-2025 16:26,SP56,SP59,2,0
19-11-2025 16:26,SP56,SP60,2,0
19-11-2025 16:26,SP56,SP61,0.5,1.5
19-11-2025 16:26,SP56,SP62,0.5,1.5
19-11-2025 16:26,SP57,SP58,0.5,1.5
19-11-2025 16:26,SP57,SP59,1,1
19-11-2025 16:26,SP57,SP60,0.5,1.5
19-11-2025 16:26,SP57,SP61,2,0
19-11-2025 16:26,SP57,SP62,0.5,1.5
19-11-2025 16:26,SP58,SP59,0.5,1.5
19-11-2025 16:26,SP58,SP60,1.5,0.5
19-11-2025 16:26,SP58,SP61,2,0
19-11-2025 16:26,SP58,SP62,0,2
19-11-2025 16:26,SP59,SP60,0,2
19-11-2025 16:26,SP59,SP61,1.5,0.5
19-11-2025 16:26,SP59,SP62,0,2
19-11-2025 16:26,SP60,SP61,2,0
19-11-2025 16:26,SP60,SP62,0.5,1.5
19-11-2025 16:26,SP61,SP62,2,0
19-11-2025 16:26,SP55,SP62,2,0
19-11-2025 16:26,SP55,SP63,2,0
19-11-2025 16:26,SP55,SP64,1.5,0.5
19-11-2025 16:26,SP55,SP65,0,2
19-11-2025 16:26,SP55,SP66,2,0
19-11-2025 16:26,SP55,SP67,1,1
19-11-2025 16:26,SP55,SP68,2,0
19-11-2025 16:26,SP55,SP69,2,0
19-11-2025 16:26,SP55,SP70,0,2
19-11-2025 16:26,SP55,SP71,2,0
19-11-2025 16:26,SP55,SP72,2,0
19-11-2025 16:26,SP62,SP63,2,0
19-11-2025 16:26,SP62,SP64,2,0
19-11-2025 16:26,SP62,SP65,0,2
19-11-2025 16:26,SP62,SP66,1,1
19-11-2025 16:26,SP62,SP67,0,2
19-11-2025 16:26,SP62,SP68,0.5,1.5
19-11-2025 16:26,SP62,SP69,0,2
19-11-2025 16:26,SP62,SP70,0,2
19-11-2025 16:26,SP62,SP71,2,0
19-11-2025 16:26,SP62,SP72,2,0
19-11-2025 16:26,SP63,SP64,0,2
19-11-2025 16:26,SP63,SP65,1.5,0.5
19-11-2025 16:26,SP63,SP66,0,2
19-11-2025 16:26,SP63,SP67,2,0
19-11-2025 16:26,SP63,SP68,0,2
19-11-2025 16:26,SP63,SP69,1,1
19-11-2025 16:26,SP63,SP70,2,0
19-11-2025 16:26,SP63,SP71,1,1
19-11-2025 16:26,SP63,SP72,0,2
19-11-2025 16:26,SP64,SP65,1,1
19-11-2025 16:26,SP64,SP66,0.5,1.5
19-11-2025 16:26,SP64,SP67,0,2
19-11-2025 16:26,SP64,SP68,0.5,1.5
19-11-2025 16:26,SP64,SP69,2,0
19-11-2025 16:26,SP64,SP70,1,1
19-11-2025 16:26,SP64,SP71,0,2
19-11-2025 16:26,SP64,SP72,1,1
19-11-2025 16:26,SP65,SP66,1,1
19-11-2025 16:26,SP65,SP67,1.5,0.5
19-11-2025 16:26,SP65,SP68,2,0
19-11-2025 16:26,SP65,SP69,1,1
19-11-2025 16:26,SP65,SP70,0,2
19-11-2025 16:26,SP65,SP71,0,2
19-11-2025 16:26,SP65,SP72,0.5,1.5
19-11-2025 16:26,SP66,SP67,1,1
19-11-2025 16:26,SP66,SP68,0,2
19-11-2025 16:26,SP66,SP69,1.5,0.5
19-11-2025 16:26,SP66,SP70,2,0
19-11-2025 16:26,SP66,SP71,1.5,0.5
19-11-2025 16:26,SP66,SP72,1,1
19-11-2025 16:26,SP67,SP68,0.5,1.5
19-11-2025 16:26,SP67,SP69,1.5,0.5
19-11-2025 16:26,SP67,SP70,2,0
19-11-2025 16:26,SP67,SP71,2,0
19-11-2025 16:26,SP67,SP72,1.5,0.5
19-11-2025 16:26,SP68,SP69,1,1
19-11-2025 16:26,SP68,SP70,0,2
19-11-2025 16:26,SP68,SP71,0,2
19-11-2025 16:26,SP68,SP72,2,0
19-11-2025 16:26,SP69,SP70,1,1
19-11-2025 16:26,SP69,SP71,2,0
19-11-2025 16:26,SP69,SP72,0.5,1.5
19-11-2025 16:26,SP70,SP71,1,1
19-11-2025 16:26,SP70,SP72,2,0
19-11-2025 16:26,SP71,SP72,2,0
19-11-2025 16:26,SP55,SP67,0.5,1.5
19-11-2025 16:26,SP55,SP73,2,0
19-11-2025 16:26,SP55,SP74,1,1
19-11-2025 16:26,SP55,SP75,1,1
19-11-2025 16:26,SP55,SP76,0,2
19-11-2025 16:26,SP55,SP77,0.5,1.5
19-11-2025 16:26,SP55,SP78,2,0
19-11-2025 16:26,SP55,SP79,1,1
19-11-2025 16:26,SP55,SP80,1.5,0.5
19-11-2025 16:26,SP55,SP81,0,2
19-11-2025 16:26,SP55,SP82,0,2
19-11-2025 16:26,SP67,SP73,0,2
19-11-2025 16:26,SP67,SP74,2,0
19-11-2025 16:26,SP67,SP75,1,1
19-11-2025 16:26,SP67,SP76,2,0
19-11-2025 16:26,SP67,SP77,0,2
19-11-2025 16:26,SP67,SP78,0.5,1.5
19-11-2025 16:26,SP67,SP79,0,2
19-11-2025 16:26,SP67,SP80,0.5,1.5
19-11-2025 16:26,SP67,SP81,0,2
19-11-2025 16:26,SP67,SP82,1,1
19-11-2025 16:26,SP73,SP74,0,2
19-11-2025 16:26,SP73,SP75,0.5,1.5
19-11-2025 16:26,SP73,SP76,1.5,0.5
19-11-2025 16:26,SP73,SP77,1.5,0.5
19-11-2025 16:26,SP73,SP78,2,0
19-11-2025 16:26,SP73,SP79,0.5,1.5
19-11-2025 16:26,SP73,SP80,2,0
19-11-2025 16:26,SP73,SP81,1.5,0.5
19-11-2025 16:26,SP73,SP82,2,0
19-11-2025 16:26,SP74,SP75,1.5,0.5
19-11-2025 16:26,SP74,SP76,0,2
19-11-2025 16:26,SP74,SP77,0,2
19-11-2025 16:26,SP74,SP78,1.5,0.5
19-11-2025 16:26,SP74,SP79,0,2
19-11-2025 16:26,SP74,SP80,1,1
19-11-2025 16:26,SP74,SP81,0.5,1.5
19-11-2025 16:26,SP74,SP82,1.5,0.5
19-11-2025 16:26,SP75,SP76,1,1
19-11-2025 16:26,SP75,SP77,2,0
19-11-2025 16:26,SP75,SP78,1,1
19-11-2025 16:26,SP75,SP79,0,2
19-11-2025 16:26,SP75,SP80,1.5,0.5
19-11-2025 16:26,SP75,SP81,2,0
19-11-2025 16:26,SP75,SP82,1.5,0.5
19-11-2025 16:26,SP76,SP77,0,2
19-11-2025 16:26,SP76,SP78,0,2
19-11-2025 16:26,SP76,SP79,1.5,0.5
19-11-2025 16:26,SP76,SP80,1.5,0.5
19-11-2025 16:26,SP76,SP81,1,1
19-11-2025 16:26,SP76,SP82,1.5,0.5
19-11-2025 16:26,SP77,SP78,2,0
19-11-2025 16:26,SP77,SP79,1,1
19-11-2025 16:26,SP77,SP80,0,2
19-11-2025 16:26,SP77,SP81,0,2
19-11-2025 16:26,SP77,SP82,0,2
19-11-2025 16:26,SP78,SP79,1.5,0.5
19-11-2025 16:26,SP78,SP80,1.5,0.5
19-11-2025 16:26,SP78,SP81,1.5,0.5
19-11-2025 16:26,SP78,SP82,0.5,1.5
19-11-2025 16:26,SP79,SP80,0,2
19-11-2025 16:26,SP79,SP81,1,1
19-11-2025 16:26,SP79,SP82,0.5,1.5
19-11-2025 16:26,SP80,SP81,0.5,1.5
19-11-2025 16:26,SP80,SP82,2,0
19-11-2025 16:26,SP81,SP82,0.5,1.5
19-11-2025 16:26,SP73,SP75,0,2
19-11-2025 16:26,SP73,SP83,2,0
19-11-2025 16:26,SP73,SP84,0.5,1.5
19-11-2025 16:26,SP73,SP85,0.5,1.5
19-11-2025 16:26,SP73,SP86,2,0
19-11-2025 16:26,SP73,SP87,2,0
19-11-2025 16:26,SP73,SP88,0,2
19-11-2025 16:26,SP73,SP89,2,0
19-11-2025 16:26,SP73,SP90,1.5,0.5
19-11-2025 16:26,SP73,SP91,1,1
19-11-2025 16:26,SP73,SP92,1,1
19-11-2025 16:26,SP75,SP83,2,0
19-11-2025 16:26,SP75,SP84,1.5,0.5
19-11-2025 16:26,SP75,SP85,0.5,1.5
19-11-2025 16:26,SP75,SP86,0.5,1.5
19-11-2025 16:26,SP75,SP87,2,0
19-11-2025 16:26,SP75,SP88,0.5,1.5
19-11-2025 16:26,SP75,SP89,1,1
19-11-2025 16:26,SP75,SP90,1,1
19-11-2025 16:26,SP75,SP91,1.5,0.5
19-11-2025 16:26,SP75,SP92,0.5,1.5
19-11-2025 16:26,SP83,SP84,0.5,1.5
19-11-2025 16:26,SP83,SP85,1.5,0.5
19-11-2025 16:26,SP83,SP86,2,0
19-11-2025 16:26,SP83,SP87,0.5,1.5
19-11-2025 16:26,SP83,SP88,0,2
19-11-2025 16:26,SP83,SP89,1,1
19-11-2025 16:26,SP83,SP90,2,0
19-11-2025 16:26,SP83,SP91,0,2
19-11-2025 16:26,SP83,SP92,1.5,0.5
19-11-2025 16:26,SP84,SP85,2,0
19-11-2025 16:26,SP84,SP86,0,2
19-11-2025 16:26,SP84,SP87,1.5,0.5
19-11-2025 16:26,SP84,SP88,1.5,0.5
19-11-2025 16:26,SP84,SP89,1,1
19-11-2025 16:26,SP84,SP90,2,0
19-11-2025 16:26,SP84,SP91,0,2
19-11-2025 16:26,SP84,SP92,0.5,1.5
19-11-2025 16:26,SP85,SP86,1,1
19-11-2025 16:26,SP85,SP87,0.5,1.5
19-11-2025 16:26,SP85,SP88,1.5,0.5
19-11-2025 16:26,SP85,SP89,0,2
19-11-2025 16:26,SP85,SP90,0.5,1.5
19-11-2025 16:26,SP85,SP91,1,1
19-11-2025 16:26,SP85,SP92,0,2
19-11-2025 16:26,SP86,SP87,1.5,0.5
19-11-2025 16:26,SP86,SP88,1.5,0.5
19-11-2025 16:26,SP86,SP89,1,1
19-11-2025 16:26,SP86,SP90,0.5,1.5
19-11-2025 16:26,SP86,SP91,0,2
19-11-2025 16:26,SP86,SP92,0.5,1.5
19-11-2025 16:26,SP87,SP88,1.5,0.5
19-11-2025 16:26,SP87,SP89,1,1
19-11-2025 16:26,SP87,SP90,1.5,0.5
19-11-2025 16:26,SP87,SP91,2,0
19-11-2025 16:26,SP87,SP92,2,0
19-11-2025 16:26,SP88,SP89,1,1
19-11-2025 16:26,SP88,SP90,0,2
19-11-2025 16:26,SP88,SP91,0.5,1.5
19-11-2025 16:26,SP88,SP92,0.5,1.5
19-11-2025 16:26,SP89,SP90,0.5,1.5
19-11-2025 16:26,SP89,SP91,1,1
19-11-2025 16:26,SP89,SP92,1,1
19-11-2025 16:26,SP90,SP91,0,2
19-11-2025 16:26,SP90,SP92,1.5,0.5
19-11-2025 16:26,SP91,SP92,0.5,1.5
19-11-2025 16:26,SP87,SP91,0.5,1.5
19-11-2025 16:26,SP87,SP93,1,1
19-11-2025 16:26,SP87,SP94,2,0
19-11-2025 16:26,SP87,SP95,0,2
19-11-2025 16:26,SP87,SP96,1.5,0.5
19-11-2025 16:26,SP87,SP97,1.5,0.5
19-11-2025 16:26,SP87,SP98,0,2
19-11-2025 16:26,SP87,SP99,0,2
19-11-2025 16:26,SP87,SP100,1.5,0.5
19-11-2025 16:26,SP87,SP101,1,1
19-11-2025 16:26,SP87,SP102,0.5,1.5
19-11-2025 16:26,SP91,SP93,0.5,1.5
19-11-2025 16:26,SP91,SP94,1,1
19-11-2025 16:26,SP91,SP95,1,1
19-11-2025 16:26,SP91,SP96,1.5,0.5
19-11-2025 16:26,SP91,SP97,1.5,0.5
19-11-2025 16:26,SP91,SP98,1.5,0.5
19-11-2025 16:26,SP91,SP99,1.5,0.5
19-11-2025 16:26,SP91,SP100,0,2
19-11-2025 16:26,SP91,SP101,2,0
19-11-2025 16:26,SP91,SP102,1.5,0.5
19-11-2025 16:26,SP93,SP94,0.5,1.5
19-11-2025 16:26,SP93,SP95,1.5,0.5
19-11-2025 16:26,SP93,SP96,0.5,1.5
19-11-2025 16:26,SP93,SP97,0.5,1.5
19-11-2025 16:26,SP93,SP98,2,0
19-11-2025 16:26,SP93,SP99,1,1
19-11-2025 16:26,SP93,SP100,1,1
19-11-2025 16:26,SP93,SP101,2,0
19-11-2025 16:26,SP93,SP102,2,0
19-11-2025 16:26,SP94,SP95,0.5,1.5
19-11-2025 16:26,SP94,SP96,1.5,0.5
19-11-2025 16:26,SP94,SP97,0,2
19-11-2025 16:26,SP94,SP98,0,2
19-11-2025 16:26,SP94,SP99,0.5,1.5
19-11-2025 16:26,SP94,SP100,2,0
19-11-2025 16:26,SP94,SP101,0.5,1.5
19-11-2025 16:26,SP94,SP102,0,2
19-11-2025 16:26,SP95,SP96,1,1
19-11-2025 16:26,SP95,SP97,0.5,1.5
19-11-2025 16:26,SP95,SP98,1,1
19-11-2025 16:26,SP95,SP99,1.5,0.5
19-11-2025 16:26,SP95,SP100,2,0
19-11-2025 16:26,SP95,SP101,1.5,0.5
19-11-2025 16:26,SP95,SP102,0.5,1.5
19-11-2025 16:26,SP96,SP97,0,2
19-11-2025 16:26,SP96,SP98,0,2
19-11-2025 16:26,SP96,SP99,1,1
19-11-2025 16:26,SP96,SP100,0.5,1.5
19-11-2025 16:26,SP96,SP101,1,1
19-11-2025 16:26,SP96,SP102,1.5,0.5
19-11-2025 16:26,SP97,SP98,0.5,1.5
19-11-2025 16:26,SP97,SP99,1.5,0.5
19-11-2025 16:26,SP97,SP100,0,2
19-11-2025 16:26,SP97,SP101,0,2
19-11-2025 16:26,SP97,SP102,2,0
19-11-2025 16:26,SP98,SP99,0,2
19-11-2025 16:26,SP98,SP100,0.5,1.5
19-11-2025 16:26,SP98,SP101,0.5,1.5
19-11-2025 16:26,SP98,SP102,1,1
19-11-2025 16:26,SP99,SP100,1,1
19-11-2025 16:26,SP99,SP101,0,2
19-11-2025 16:26,SP99,SP102,1.5,0.5
19-11-2025 16:26,SP100,SP101,1,1
19-11-2025 16:26,SP100,SP102,1,1
19-11-2025 16:26,SP101,SP102,1,1
19-11-2025 16:26,SP93,SP91,1.5,0.5
19-11-2025 16:26,SP93,SP103,2,0
19-11-2025 16:26,SP93,SP104,0.5,1.5
19-11-2025 16:26,SP93,SP105,0.5,1.5
19-11-2025 16:26,SP93,SP106,1.5,0.5
19-11-2025 16:26,SP93,SP107,2,0
19-11-2025 16:26,SP93,SP108,1.5,0.5
19-11-2025 16:26,SP93,SP109,1,1
19-11-2025 16:26,SP93,SP110,1.5,0.5
19-11-2025 16:26,SP93,SP111,0,2
19-11-2025 16:26,SP93,SP112,1.5,0.5
19-11-2025 16:26,SP91,SP103,1.5,0.5
19-11-2025 16:26,SP91,SP104,2,0
19-11-2025 16:26,SP91,SP105,1,1
19-11-2025 16:26,SP91,SP106,0.5,1.5
19-11-2025 16:26,SP91,SP107,0.5,1.5
19-11-2025 16:26,SP91,SP108,1,1
19-11-2025 16:26,SP91,SP109,1.5,0.5
19-11-2025 16:26,SP91,SP110,0.5,1.5
19-11-2025 16:26,SP91,SP111,1,1
19-11-2025 16:26,SP91,SP112,0,2
19-11-2025 16:26,SP103,SP104,1,1
19-11-2025 16:26,SP103,SP105,0.5,1.5
19-11-2025 16:26,SP103,SP106,1.5,0.5
19-11-2025 16:26,SP103,SP107,1,1
19-11-2025 16:26,SP103,SP108,1,1
19-11-2025 16:26,SP103,SP109,0,2
19-11-2025 16:26,SP103,SP110,1.5,0.5
19-11-2025 16:26,SP103,SP111,2,0
19-11-2025 16:26,SP103,SP112,0.5,1.5
19-11-2025 16:26,SP104,SP105,1.5,0.5
19-11-2025 16:26,SP104,SP106,2,0
19-11-2025 16:26,SP104,SP107,0.5,1.5
19-11-2025 16:26,SP104,SP108,0.5,1.5
19-11-2025 16:26,SP104,SP109,1,1
19-11-2025 16:26,SP104,SP110,0.5,1.5
19-11-2025 16:26,SP104,SP111,0.5,1.5
19-11-2025 16:26,SP104,SP112,0.5,1.5
19-11-2025 16:26,SP105,SP106,1.5,0.5
19-11-2025 16:26,SP105,SP107,1,1
19-11-2025 16:26,SP105,SP108,2,0
19-11-2025 16:26,SP105,SP109,1,1
19-11-2025 16:26,SP105,SP110,1.5,0.5
19-11-2025 16:26,SP105,SP111,0.5,1.5
19-11-2025 16:26,SP105,SP112,1.5,0.5
19-11-2025 16:26,SP106,SP107,1.5,0.5
19-11-2025 16:26,SP106,SP108,1.5,0.5
19-11-2025 16:26,SP106,SP109,0,2
19-11-2025 16:26,SP106,SP110,0.5,1.5
19-11-2025 16:26,SP106,SP111,1,1
19-11-2025 16:26,SP106,SP112,1,1
19-11-2025 16:26,SP107,SP108,1,1
19-11-2025 16:26,SP107,SP109,1,1
19-11-2025 16:26,SP107,SP110,0.5,1.5
19-11-2025 16:26,SP107,SP111,0,2
19-11-2025 16:26,SP107,SP112,0,2
19-11-2025 16:26,SP108,SP109,1.5,0.5
19-11-2025 16:26,SP108,SP110,1.5,0.5
19-11-2025 16:26,SP108,SP111,1,1
19-11-2025 16:26,SP108,SP112,1.5,0.5
19-11-2025 16:26,SP109,SP110,1,1
19-11-2025 16:26,SP109,SP111,1,1
19-11-2025 16:26,SP109,SP112,2,0
19-11-2025 16:26,SP110,SP111,2,0
19-11-2025 16:26,SP110,SP112,0,2
19-11-2025 16:26,SP111,SP112,1.5,0.5
19-11-2025 16:26,SP105,SP109,1,1
19-11-2025 16:26,SP105,SP113,2,0
19-11-2025 16:26,SP105,SP114,1.5,0.5
19-11-2025 16:26,SP105,SP115,1.5,0.5
19-11-2025 16:26,SP105,SP116,1,1
19-11-2025 16:26,SP105,SP117,0,2
19-11-2025 16:26,SP105,SP118,2,0
19-11-2025 16:26,SP105,SP119,1,1
19-11-2025 16:26,SP105,SP120,1,1
19-11-2025 16:26,SP105,SP121,1.5,0.5
19-11-2025 16:26,SP105,SP122,0,2
19-11-2025 16:26,SP109,SP113,0.5,1.5
19-11-2025 16:26,SP109,SP114,0.5,1.5
19-11-2025 16:26,SP109,SP115,1.5,0.5
19-11-2025 16:26,SP109,SP116,1.5,0.5
19-11-2025 16:26,SP109,SP117,1,1
19-11-2025 16:26,SP109,SP118,1,1
19-11-2025 16:26,SP109,SP119,1,1
19-11-2025 16:26,SP109,SP120,0.5,1.5
19-11-2025 16:26,SP109,SP121,1.5,0.5
19-11-2025 16:26,SP109,SP122,2,0
19-11-2025 16:26,SP113,SP114,1,1
19-11-2025 16:26,SP113,SP115,1,1
19-11-2025 16:26,SP113,SP116,1,1
19-11-2025 16:26,SP113,SP117,1,1
19-11-2025 16:26,SP113,SP118,2,0
19-11-2025 16:26,SP113,SP119,1,1
19-11-2025 16:26,SP113,SP120,0.5,1.5
19-11-2025 16:26,SP113,SP121,2,0
19-11-2025 16:26,SP113,SP122,1.5,0.5
19-11-2025 16:26,SP114,SP115,0,2
19-11-2025 16:26,SP114,SP116,1.5,0.5
19-11-2025 16:26,SP114,SP117,1.5,0.5
19-11-2025 16:26,SP114,SP118,2,0
19-11-2025 16:26,SP114,SP119,1.5,0.5
19-11-2025 16:26,SP114,SP120,0,2
19-11-2025 16:26,SP114,SP121,1,1
19-11-2025 16:26,SP114,SP122,1.5,0.5
19-11-2025 16:26,SP115,SP116,0.5,1.5
19-11-2025 16:26,SP115,SP117,1.5,0.5
19-11-2025 16:26,SP115,SP118,0,2
19-11-2025 16:26,SP115,SP119,2,0
19-11-2025 16:26,SP115,SP120,0,2
19-11-2025 16:26,SP115,SP121,1.5,0.5
19-11-2025 16:26,SP115,SP122,0,2
19-11-2025 16:26,SP116,SP117,1,1
19-11-2025 16:26,SP116,SP118,0.5,1.5
19-11-2025 16:26,SP116,SP119,1.5,0.5
19-11-2025 16:26,SP116,SP120,2,0
19-11-2025 16:26,SP116,SP121,0.5,1.5
19-11-2025 16:26,SP116,SP122,1.5,0.5
19-11-2025 16:26,SP117,SP118,0.5,1.5
19-11-2025 16:26,SP117,SP119,0.5,1.5
19-11-2025 16:26,SP117,SP120,0.5,1.5
19-11-2025 16:26,SP117,SP121,1.5,0.5
19-11-2025 16:26,SP117,SP122,2,0
19-11-2025 16:26,SP118,SP119,2,0
19-11-2025 16:26,SP118,SP120,0.5,1.5
19-11-2025 16:26,SP118,SP121,0.5,1.5
19-11-2025 16:26,SP118,SP122,0.5,1.5
19-11-2025 16:26,SP119,SP120,1,1
19-11-2025 16:26,SP119,SP121,1,1
19-11-2025 16:26,SP119,SP122,0.5,1.5
19-11-2025 16:26,SP120,SP121,2,0
19-11-2025 16:26,SP120,SP122,0.5,1.5
19-11-2025 16:26,SP121,SP122,1,1
19-11-2025 16:26,SP120,SP113,1,1
19-11-2025 16:26,SP120,SP123,0.5,1.5
19-11-2025 16:26,SP120,SP124,2,0
19-11-2025 16:26,SP120,SP125,0.5,1.5
19-11-2025 16:26,SP120,SP126,0,2
19-11-2025 16:26,SP120,SP127,0,2
19-11-2025 16:26,SP120,SP128,0,2
19-11-2025 16:26,SP120,SP129,1,1
19-11-2025 16:26,SP120,SP130,1,1
19-11-2025 16:26,SP120,SP131,2,0
19-11-2025 16:26,SP120,SP132,2,0
19-11-2025 16:26,SP113,SP123,2,0
19-11-2025 16:26,SP113,SP124,2,0
19-11-2025 16:26,SP113,SP125,1.5,0.5
19-11-2025 16:26,SP113,SP126,1,1
19-11-2025 16:26,SP113,SP127,1,1
19-11-2025 16:26,SP113,SP128,1.5,0.5
19-11-2025 16:26,SP113,SP129,0,2
19-11-2025 16:26,SP113,SP130,2,0
19-11-2025 16:26,SP113,SP131,0.5,1.5
19-11-2025 16:26,SP113,SP132,0.5,1.5
19-11-2025 16:26,SP123,SP124,0.5,1.5
19-11-2025 16:26,SP123,SP125,1.5,0.5
19-11-2025 16:26,SP123,SP126,2,0
19-11-2025 16:26,SP123,SP127,1,1
19-11-2025 16:26,SP123,SP128,0.5,1.5
19-11-2025 16:26,SP123,SP129,0.5,1.5
19-11-2025 16:26,SP123,SP130,0.5,1.5
19-11-2025 16:26,SP123,SP131,1.5,0.5
19-11-2025 16:26,SP123,SP132,1,1
19-11-2025 16:26,SP124,SP125,0,2
19-11-2025 16:26,SP124,SP126,1,1
19-11-2025 16:26,SP124,SP127,2,0
19-11-2025 16:26,SP124,SP128,2,0
19-11-2025 16:26,SP124,SP129,0,2
19-11-2025 16:26,SP124,SP130,1.5,0.5
19-11-2025 16:26,SP124,SP131,1.5,0.5
19-11-2025 16:26,SP124,SP132,2,0
19-11-2025 16:26,SP125,SP126,0.5,1.5
19-11-2025 16:26,SP125,SP127,1,1
19-11-2025 16:26,SP125,SP128,1,1
19-11-2025 16:26,SP125,SP129,1,1
19-11-2025 16:26,SP125,SP130,1,1
19-11-2025 16:26,SP125,SP131,1.5,0.5
19-11-2025 16:26,SP125,SP132,0.5,1.5
19-11-2025 16:26,SP126,SP127,1.5,0.5
19-11-2025 16:26,SP126,SP128,2,0
19-11-2025 16:26,SP126,SP129,0,2
19-11-2025 16:26,SP126,SP130,1,1
19-11-2025 16:26,SP126,SP131,1.5,0.5
19-11-2025 16:26,SP126,SP132,0.5,1.5
19-11-2025 16:26,SP127,SP128,2,0
19-11-2025 16:26,SP127,SP129,1.5,0.5
19-11-2025 16:26,SP127,SP130,1.5,0.5
19-11-2025 16:26,SP127,SP131,2,0
19-11-2025 16:26,SP127,SP132,2,0
19-11-2025 16:26,SP128,SP129,0.5,1.5
19-11-2025 16:26,SP128,SP130,0.5,1.5
19-11-2025 16:26,SP128,SP131,0.5,1.5
19-11-2025 16:26,SP128,SP132,0.5,1.5
19-11-2025 16:26,SP129,SP130,0.5,1.5
19-11-2025 16:26,SP129,SP131,2,0
19-11-2025 16:26,SP129,SP132,1.5,0.5
19-11-2025 16:26,SP130,SP131,0,2
19-11-2025 16:26,SP130,SP132,2,0
19-11-2025 16:26,SP131,SP132,2,0
19-11-2025 16:26,SP127,SP129,1,1
19-11-2025 16:26,SP127,SP133,0,2
19-11-2025 16:26,SP127,SP134,0.5,1.5
19-11-2025 16:26,SP127,SP135,0.5,1.5
19-11-2025 16:26,SP127,SP136,2,0
19-11-2025 16:26,SP127,SP137,1,1
19-11-2025 16:26,SP127,SP138,1,1
19-11-2025 16:26,SP127,SP139,1.5,0.5
19-11-2025 16:26,SP127,SP140,0,2
19-11-2025 16:26,SP127,SP141,0,2
19-11-2025 16:26,SP127,SP142,1.5,0.5
19-11-2025 16:26,SP129,SP133,0,2
19-11-2025 16:26,SP129,SP134,1.5,0.5
19-11-2025 16:26,SP129,SP135,0.5,1.5
19-11-2025 16:26,SP129,SP136,2,0
19-11-2025 16:26,SP129,SP137,0,2
19-11-2025 16:26,SP129,SP138,1,1
19-11-2025 16:26,SP129,SP139,1.5,0.5
19-11-2025 16:26,SP129,SP140,1.5,0.5
19-11-2025 16:26,SP129,SP141,0,2
19-11-2025 16:26,SP129,SP142,0,2
19-11-2025 16:26,SP133,SP134,0,2
19-11-2025 16:26,SP133,SP135,2,0
19-11-2025 16:26,SP133,SP136,0,2
19-11-2025 16:26,SP133,SP137,1,1
19-11-2025 16:26,SP133,SP138,0,2
19-11-2025 16:26,SP133,SP139,0,2
19-11-2025 16:26,SP133,SP140,1,1
19-11-2025 16:26,SP133,SP141,0.5,1.5
19-11-2025 16:26,SP133,SP142,2,0
19-11-2025 16:26,SP134,SP135,0.5,1.5
19-11-2025 16:26,SP134,SP136,1.5,0.5
19-11-2025 16:26,SP134,SP137,0,2
19-11-2025 16:26,SP134,SP138,1.5,0.5
19-11-2025 16:26,SP134,SP139,1,1
19-11-2025 16:26,SP134,SP140,2,0
19-11-2025 16:26,SP134,SP141,0,2
19-11-2025 16:26,SP134,SP142,0,2
19-11-2025 16:26,SP135,SP136,0,2
19-11-2025 16:26,SP135,SP137,1,1
19-11-2025 16:26,SP135,SP138,0,2
19-11-2025 16:26,SP135,SP139,1.5,0.5
19-11-2025 16:26,SP135,SP140,0.5,1.5
19-11-2025 16:26,SP135,SP141,0.5,1.5
19-11-2025 16:26,SP135,SP142,1,1
19-11-2025 16:26,SP136,SP137,1,1
19-11-2025 16:26,SP136,SP138,1.5,0.5
19-11-2025 16:26,SP136,SP139,2,0
19-11-2025 16:26,SP136,SP140,0.5,1.5
19-11-2025 16:26,SP136,SP141,0,2
19-11-2025 16:26,SP136,SP142,2,0
19-11-2025 16:26,SP137,SP138,1.5,0.5
19-11-2025 16:26,SP137,SP139,1,1
19-11-2025 16:26,SP137,SP140,1.5,0.5
19-11-2025 16:26,SP137,SP141,1.5,0.5
19-11-2025 16:26,SP137,SP142,0.5,1.5
19-11-2025 16:26,SP138,SP139,2,0
19-11-2025 16:26,SP138,SP140,1,1
19-11-2025 16:26,SP138,SP141,0,2
19-11-2025 16:26,SP138,SP142,1,1
19-11-2025 16:26,SP139,SP140,1,1
19-11-2025 16:26,SP139,SP141,2,0
19-11-2025 16:26,SP139,SP142,1,1
19-11-2025 16:26,SP140,SP141,1,1
19-11-2025 16:26,SP140,SP142,0,2
19-11-2025 16:26,SP141,SP142,2,0
19-11-2025 16:26,SP141,SP137,1.5,0.5
19-11-2025 16:26,SP141,SP143,0,2
19-11-2025 16:26,SP141,SP144,1,1
19-11-2025 16:26,SP141,SP145,0.5,1.5
19-11-2025 16:26,SP141,SP146,2,0
19-11-2025 16:26,SP141,SP147,0.5,1.5
19-11-2025 16:26,SP141,SP148,1.5,0.5
19-11-2025 16:26,SP141,SP149,1,1
19-11-2025 16:26,SP141,SP150,1.5,0.5
19-11-2025 16:26,SP141,SP151,0,2
19-11-2025 16:26,SP141,SP152,2,0
19-11-2025 16:26,SP137,SP143,0.5,1.5
19-11-2025 16:26,SP137,SP144,1,1
19-11-2025 16:26,SP137,SP145,2,0
19-11-2025 16:26,SP137,SP146,1.5,0.5
19-11-2025 16:26,SP137,SP147,1.5,0.5
19-11-2025 16:26,SP137,SP148,1.5,0.5
19-11-2025 16:26,SP137,SP149,2,0
19-11-2025 16:26,SP137,SP150,1.5,0.5
19-11-2025 16:26,SP137,SP151,2,0
19-11-2025 16:26,SP137,SP152,1.5,0.5
19-11-2025 16:26,SP143,SP144,2,0
19-11-2025 16:26,SP143,SP145,0.5,1.5
19-11-2025 16:26,SP143,SP146,0.5,1.5
19-11-2025 16:26,SP143,SP147,0,2
19-11-2025 16:26,SP143,SP148,0.5,1.5
19-11-2025 16:26,SP143,SP149,1.5,0.5
19-11-2025 16:26,SP143,SP150,0,2
19-11-2025 16:26,SP143,SP151,1.5,0.5
19-11-2025 16:26,SP143,SP152,0.5,1.5
19-11-2025 16:26,SP144,SP145,0,2
19-11-2025 16:26,SP144,SP146,0,2
19-11-2025 16:26,SP144,SP147,0,2
19-11-2025 16:26,SP144,SP148,1.5,0.5
19-11-2025 16:26,SP144,SP149,2,0
19-11-2025 16:26,SP144,SP150,0.5,1.5
19-11-2025 16:26,SP144,SP151,0,2
19-11-2025 16:26,SP144,SP152,2,0
19-11-2025 16:26,SP145,SP146,0,2
19-11-2025 16:26,SP145,SP147,0.5,1.5
19-11-2025 16:26,SP145,SP148,0,2
19-11-2025 16:26,SP145,SP149,1.5,0.5
19-11-2025 16:26,SP145,SP150,0.5,1.5
19-11-2025 16:26,SP145,SP151,2,0
19-11-2025 16:26,SP145,SP152,0,2
19-11-2025 16:26,SP146,SP147,0.5,1.5
19-11-2025 16:26,SP146,SP148,2,0
19-11-2025 16:26,SP146,SP149,1.5,0.5
19-11-2025 16:26,SP146,SP150,1,1
19-11-2025 16:26,SP146,SP151,0,2
19-11-2025 16:26,SP146,SP152,0.5,1.5
19-11-2025 16:26,SP147,SP148,0.5,1.5
19-11-2025 16:26,SP147,SP149,2,0
19-11-2025 16:26,SP147,SP150,0,2
19-11-2025 16:26,SP147,SP151,2,0
19-11-2025 16:26,SP147,SP152,0,2
19-11-2025 16:26,SP148,SP149,0,2
19-11-2025 16:26,SP148,SP150,0.5,1.5
19-11-2025 16:26,SP148,SP151,2,0
19-11-2025 16:26,SP148,SP152,0.5,1.5
19-11-2025 16:26,SP149,SP150,1.5,0.5
19-11-2025 16:26,SP149,SP151,2,0
19-11-2025 16:26,SP149,SP152,0.5,1.5
19-11-2025 16:26,SP150,SP151,0,2
19-11-2025 16:26,SP150,SP152,2,0
19-11-2025 16:26,SP151,SP152,1.5,0.5
19-11-2025 16:26,SP137,SP150,0,2
19-11-2025 16:26,SP137,SP153,2,0
19-11-2025 16:26,SP137,SP154,1.5,0.5
19-11-2025 16:26,SP137,SP155,2,0
19-11-2025 16:26,SP137,SP156,0,2
19-11-2025 16:26,SP137,SP157,1,1
19-11-2025 16:26,SP137,SP158,1,1
19-11-2025 16:26,SP137,SP159,2,0
19-11-2025 16:26,SP137,SP160,1,1
19-11-2025 16:26,SP137,SP161,0,2
19-11-2025 16:26,SP137,SP162,1.5,0.5
19-11-2025 16:26,SP150,SP153,0.5,1.5
19-11-2025 16:26,SP150,SP154,1.5,0.5
19-11-2025 16:26,SP150,SP155,1,1
19-11-2025 16:26,SP150,SP156,2,0
19-11-2025 16:26,SP150,SP157,2,0
19-11-2025 16:26,SP150,SP158,1.5,0.5
19-11-2025 16:26,SP150,SP159,0.5,1.5
19-11-2025 16:26,SP150,SP160,0.5,1.5
19-11-2025 16:26,SP150,SP161,0.5,1.5
19-11-2025 16:26,SP150,SP162,1.5,0.5
19-11-2025 16:26,SP153,SP154,1.5,0.5
19-11-2025 16:26,SP153,SP155,1,1
19-11-2025 16:26,SP153,SP156,0.5,1.5
19-11-2025 16:26,SP153,SP157,1.5,0.5
19-11-2025 16:26,SP153,SP158,2,0
19-11-2025 16:26,SP153,SP159,1,1
19-11-2025 16:26,SP153,SP160,2,0
19-11-2025 16:26,SP153,SP161,0,2
19-11-2025 16:26,SP153,SP162,1,1
19-11-2025 16:26,SP154,SP155,0.5,1.5
19-11-2025 16:26,SP154,SP156,1.5,0.5
19-11-2025 16:26,SP154,SP157,1,1
19-11-2025 16:26,SP154,SP158,0,2
19-11-2025 16:26,SP154,SP159,1.5,0.5
19-11-2025 16:26,SP154,SP160,2,0
19-11-2025 16:26,SP154,SP161,1,1
19-11-2025 16:26,SP154,SP162,0.5,1.5
19-11-2025 16:26,SP155,SP156,1,1
19-11-2025 16:26,SP155,SP157,2,0
19-11-2025 16:26,SP155,SP158,0.5,1.5
19-11-2025 16:26,SP155,SP159,0.5,1.5
19-11-2025 16:26,SP155,SP160,2,0
19-11-2025 16:26,SP155,SP161,1,1
19-11-2025 16:26,SP155,SP162,0,2
19-11-2025 16:26,SP156,SP157,0.5,1.5
19-11-2025 16:26,SP156,SP158,0,2
19-11-2025 16:26,SP156,SP159,2,0
19-11-2025 16:26,SP156,SP160,0.5,1.5
19-11-2025 16:26,SP156,SP161,1.5,0.5
19-11-2025 16:26,SP156,SP162,1,1
19-11-2025 16:26,SP157,SP158,1,1
19-11-2025 16:26,SP157,SP159,1,1
19-11-2025 16:26,SP157,SP160,1.5,0.5
19-11-2025 16:26,SP157,SP161,0,2
19-11-2025 16:26,SP157,SP162,1.5,0.5
19-11-2025 16:26,SP158,SP159,1.5,0.5
19-11-2025 16:26,SP158,SP160,1.5,0.5
19-11-2025 16:26,SP158,SP161,1.5,0.5
19-11-2025 16:26,SP158,SP162,0.5,1.5
19-11-2025 16:26,SP159,SP160,0,2
19-11-2025 16:26,SP159,SP161,1.5,0.5
19-11-2025 16:26,SP159,SP162,0.5,1.5
19-11-2025 16:26,SP160,SP161,0,2
19-11-2025 16:26,SP160,SP162,0,2
19-11-2025 16:26,SP161,SP162,0.5,1.5
19-11-2025 16:26,SP162,SP158,0.5,1.5
19-11-2025 16:26,SP162,SP163,0,2
19-11-2025 16:26,SP162,SP164,2,0
19-11-2025 16:26,SP162,SP165,0.5,1.5
19-11-2025 16:26,SP162,SP166,0,2
19-11-2025 16:26,SP162,SP167,1,1
19-11-2025 16:26,SP162,SP168,1,1
19-11-2025 16:26,SP162,SP169,1,1
19-11-2025 16:26,SP162,SP170,1.5,0.5
19-11-2025 16:26,SP162,SP171,0,2
19-11-2025 16:26,SP162,SP172,1,1
19-11-2025 16:26,SP158,SP163,1,1
19-11-2025 16:26,SP158,SP164,1.5,0.5
19-11-2025 16:26,SP158,SP165,1,1
19-11-2025 16:26,SP158,SP166,2,0
19-11-2025 16:26,SP158,SP167,1,1
19-11-2025 16:26,SP158,SP168,1,1
19-11-2025 16:26,SP158,SP169,1,1
19-11-2025 16:26,SP158,SP170,2,0
19-11-2025 16:26,SP158,SP171,2,0
19-11-2025 16:26,SP158,SP172,0,2
19-11-2025 16:26,SP163,SP164,0,2
19-11-2025 16:26,SP163,SP165,0,2
19-11-2025 16:26,SP163,SP166,0,2
19-11-2025 16:26,SP163,SP167,0,2
19-11-2025 16:26,SP163,SP168,2,0
19-11-2025 16:26,SP163,SP169,1.5,0.5
19-11-2025 16:26,SP163,SP170,1.5,0.5
19-11-2025 16:26,SP163,SP171,1.5,0.5
19-11-2025 16:26,SP163,SP172,0,2
19-11-2025 16:26,SP164,SP165,1.5,0.5
19-11-2025 16:26,SP164,SP166,0,2
19-11-2025 16:26,SP164,SP167,2,0
19-11-2025 16:26,SP164,SP168,1.5,0.5
19-11-2025 16:26,SP164,SP169,1,1
19-11-2025 16:26,SP164,SP170,1.5,0.5
19-11-2025 16:26,SP164,SP171,2,0
19-11-2025 16:26,SP164,SP172,1.5,0.5
19-11-2025 16:26,SP165,SP166,2,0
19-11-2025 16:26,SP165,SP167,1.5,0.5
19-11-2025 16:26,SP165,SP168,0.5,1.5
19-11-2025 16:26,SP165,SP169,0.5,1.5
19-11-2025 16:26,SP165,SP170,1.5,0.5
19-11-2025 16:26,SP165,SP171,2,0
19-11-2025 16:26,SP165,SP172,1.5,0.5
19-11-2025 16:26,SP166,SP167,0,2
19-11-2025 16:26,SP166,SP168,1.5,0.5
19-11-2025 16:26,SP166,SP169,2,0
19-11-2025 16:26,SP166,SP170,2,0
19-11-2025 16:26,SP166,SP171,0,2
19-11-2025 16:26,SP166,SP172,2,0
19-11-2025 16:26,SP167,SP168,0.5,1.5
19-11-2025 16:26,SP167,SP169,0.5,1.5
19-11-2025 16:26,SP167,SP170,1,1
19-11-2025 16:26,SP167,SP171,1.5,0.5
19-11-2025 16:26,SP167,SP172,0,2
19-11-2025 16:26,SP168,SP169,1,1
19-11-2025 16:26,SP168,SP170,2,0
19-11-2025 16:26,SP168,SP171,2,0
19-11-2025 16:26,SP168,SP172,1.5,0.5
19-11-2025 16:26,SP169,SP170,0.5,1.5
19-11-2025 16:26,SP169,SP171,0,2
19-11-2025 16:26,SP169,SP172,1.5,0.5
19-11-2025 16:26,SP170,SP171,2,0
19-11-2025 16:26,SP170,SP172,0,2
19-11-2025 16:26,SP171,SP172,0.5,1.5
19-11-2025 16:26,SP164,SP165,0,2
19-11-2025 16:26,SP164,SP173,0.5,1.5
19-11-2025 16:26,SP164,SP174,1,1
19-11-2025 16:26,SP164,SP175,0,2
19-11-2025 16:26,SP164,SP176,0.5,1.5
19-11-2025 16:26,SP164,SP177,1,1
19-11-2025 16:26,SP164,SP178,0.5,1.5
19-11-2025 16:26,SP164,SP179,1.5,0.5
19-11-2025 16:26,SP164,SP180,1,1
19-11-2025 16:26,SP164,SP181,2,0
19-11-2025 16:26,SP164,SP182,0,2
19-11-2025 16:26,SP165,SP173,1.5,0.5
19-11-2025 16:26,SP165,SP174,2,0
19-11-2025 16:26,SP165,SP175,2,0
19-11-2025 16:26,SP165,SP176,0.5,1.5
19-11-2025 16:26,SP165,SP177,1,1
19-11-2025 16:26,SP165,SP178,1.5,0.5
19-11-2025 16:26,SP165,SP179,2,0
19-11-2025 16:26,SP165,SP180,1,1
19-11-2025 16:26,SP165,SP181,1.5,0.5
19-11-2025 16:26,SP165,SP182,2,0
19-11-2025 16:26,SP173,SP174,1.5,0.5
19-11-2025 16:26,SP173,SP175,1,1
19-11-2025 16:26,SP173,SP176,0.5,1.5
19-11-2025 16:26,SP173,SP177,1.5,0.5
19-11-2025 16:26,SP173,SP178,0.5,1.5
19-11-2025 16:26,SP173,SP179,2,0
19-11-2025 16:26,SP173,SP180,1.5,0.5
19-11-2025 16:26,SP173,SP181,1.5,0.5
19-11-2025 16:26,SP173,SP182,0.5,1.5
19-11-2025 16:26,SP174,SP175,2,0
19-11-2025 16:26,SP174,SP176,1.5,0.5
19-11-2025 16:26,SP174,SP177,0.5,1.5
19-11-2025 16:26,SP174,SP178,0,2
19-11-2025 16:26,SP174,SP179,1.5,0.5
19-11-2025 16:26,SP174,SP180,1.5,0.5
19-11-2025 16:26,SP174,SP181,2,0
19-11-2025 16:26,SP174,SP182,1.5,0.5
19-11-2025 16:26,SP175,SP176,1,1
19-11-2025 16:26,SP175,SP177,0,2
19-11-2025 16:26,SP175,SP178,0,2
19-11-2025 16:26,SP175,SP179,0,2
19-11-2025 16:26,SP175,SP180,1.5,0.5
19-11-2025 16:26,SP175,SP181,0,2
19-11-2025 16:26,SP175,SP182,2,0
19-11-2025 16:26,SP176,SP177,0.5,1.5
19-11-2025 16:26,SP176,SP178,0.5,1.5
19-11-2025 16:26,SP176,SP179,1,1
19-11-2025 16:26,SP176,SP180,1,1
19-11-2025 16:26,SP176,SP181,1.5,0.5
19-11-2025 16:26,SP176,SP182,1.5,0.5
19-11-2025 16:26,SP177,SP178,0,2
19-11-2025 16:26,SP177,SP179,1.5,0.5
19-11-2025 16:26,SP177,SP180,0,2
19-11-2025 16:26,SP177,SP181,0.5,1.5
19-11-2025 16:26,SP177,SP182,1.5,0.5
19-11-2025 16:26,SP178,SP179,1.5,0.5
19-11-2025 16:26,SP178,SP180,0.5,1.5
19-11-2025 16:26,SP178,SP181,0,2
19-11-2025 16:26,SP178,SP182,1,1
19-11-2025 16:26,SP179,SP180,1,1
19-11-2025 16:26,SP179,SP181,0,2
19-11-2025 16:26,SP179,SP182,1.5,0.5
19-11-2025 16:26,SP180,SP181,2,0
19-11-2025 16:26,SP180,SP182,1,1
19-11-2025 16:26,SP181,SP182,2,0
19-11-2025 16:26,SP165,SP174,1,1
19-11-2025 16:26,SP165,SP183,0.5,1.5
19-11-2025 16:26,SP165,SP184,2,0
19-11-2025 16:26,SP165,SP185,0,2
19-11-2025 16:26,SP165,SP186,2,0
19-11-2025 16:26,SP165,SP187,0.5,1.5
19-11-2025 16:26,SP165,SP188,1.5,0.5
19-11-2025 16:26,SP165,SP189,2,0
19-11-2025 16:26,SP165,SP190,1,1
19-11-2025 16:26,SP165,SP191,1.5,0.5
19-11-2025 16:26,SP165,SP192,0,2
19-11-2025 16:26,SP174,SP183,1.5,0.5
19-11-2025 16:26,SP174,SP184,1.5,0.5
19-11-2025 16:26,SP174,SP185,1,1
19-11-2025 16:26,SP174,SP186,0.5,1.5
19-11-2025 16:26,SP174,SP187,2,0
19-11-2025 16:26,SP174,SP188,0,2
19-11-2025 16:26,SP174,SP189,0.5,1.5
19-11-2025 16:26,SP174,SP190,1.5,0.5
19-11-2025 16:26,SP174,SP191,1,1
19-11-2025 16:26,SP174,SP192,0,2
19-11-2025 16:26,SP183,SP184,0,2
19-11-2025 16:26,SP183,SP185,0.5,1.5
19-11-2025 16:26,SP183,SP186,0,2
19-11-2025 16:26,SP183,SP187,0.5,1.5
19-11-2025 16:26,SP183,SP188,1,1
19-11-2025 16:26,SP183,SP189,0,2
19-11-2025 16:26,SP183,SP190,1,1
19-11-2025 16:26,SP183,SP191,0,2
19-11-2025 16:26,SP183,SP192,1,1
19-11-2025 16:26,SP184,SP185,2,0
19-11-2025 16:26,SP184,SP186,0.5,1.5
19-11-2025 16:26,SP184,SP187,0,2
19-11-2025 16:26,SP184,SP188,0,2
19-11-2025 16:26,SP184,SP189,0,2
19-11-2025 16:26,SP184,SP190,1.5,0.5
19-11-2025 16:26,SP184,SP191,1,1
19-11-2025 16:26,SP184,SP192,0,2
19-11-2025 16:26,SP185,SP186,0,2
19-11-2025 16:26,SP185,SP187,0,2
19-11-2025 16:26,SP185,SP188,1,1
19-11-2025 16:26,SP185,SP189,0.5,1.5
19-11-2025 16:26,SP185,SP190,2,0
19-11-2025 16:26,SP185,SP191,0,2
19-11-2025 16:26,SP185,SP192,1.5,0.5
19-11-2025 16:26,SP186,SP187,0.5,1.5
19-11-2025 16:26,SP186,SP188,0,2
19-11-2025 16:26,SP186,SP189,1,1
19-11-2025 16:26,SP186,SP190,0.5,1.5
19-11-2025 16:26,SP186,SP191,0,2
19-11-2025 16:26,SP186,SP192,1.5,0.5
19-11-2025 16:26,SP187,SP188,0,2
19-11-2025 16:26,SP187,SP189,1,1
19-11-2025 16:26,SP187,SP190,0,2
19-11-2025 16:26,SP187,SP191,0.5,1.5
19-11-2025 16:26,SP187,SP192,0,2
19-11-2025 16:26,SP188,SP189,0,2
19-11-2025 16:26,SP188,SP190,0,2
19-11-2025 16:26,SP188,SP191,0,2
19-11-2025 16:26,SP188,SP192,1.5,0.5
19-11-2025 16:26,SP189,SP190,2,0
19-11-2025 16:26,SP189,SP191,0.5,1.5
19-11-2025 16:26,SP189,SP192,2,0
19-11-2025 16:26,SP190,SP191,1,1
19-11-2025 16:26,SP190,SP192,1,1
19-11-2025 16:26,SP191,SP192,1.5,0.5
19-11-2025 16:26,SP189,SP191,1,1
19-11-2025 16:26,SP189,SP193,2,0
19-11-2025 16:26,SP189,SP194,2,0
19-11-2025 16:26,SP189,SP195,0,2
19-11-2025 16:26,SP189,SP196,2,0
19-11-2025 16:26,SP189,SP197,0.5,1.5
19-11-2025 16:26,SP189,SP198,1,1
19-11-2025 16:26,SP189,SP199,0.5,1.5
19-11-2025 16:26,SP189,SP200,0,2
19-11-2025 16:26,SP189,SP201,0.5,1.5
19-11-2025 16:26,SP189,SP202,2,0
19-11-2025 16:26,SP191,SP193,1,1
19-11-2025 16:26,SP191,SP194,1,1
19-11-2025 16:26,SP191,SP195,0.5,1.5
19-11-2025 16:26,SP191,SP196,1.5,0.5
19-11-2025 16:26,SP191,SP197,2,0
19-11-2025 16:26,SP191,SP198,0.5,1.5
19-11-2025 16:26,SP191,SP199,0,2
19-11-2025 16:26,SP191,SP200,0.5,1.5
19-11-2025 16:26,SP191,SP201,2,0
19-11-2025 16:26,SP191,SP202,0,2
19-11-2025 16:26,SP193,SP194,2,0
19-11-2025 16:26,SP193,SP195,2,0
19-11-2025 16:26,SP193,SP196,1.5,0.5
19-11-2025 16:26,SP193,SP197,0.5,1.5
19-11-2025 16:26,SP193,SP198,1,1
19-11-2025 16:26,SP193,SP199,1.5,0.5
19-11-2025 16:26,SP193,SP200,1.5,0.5
19-11-2025 16:26,SP193,SP201,1,1
19-11-2025 16:26,SP193,SP202,0,2
19-11-2025 16:26,SP194,SP195,0,2
19-11-2025 16:26,SP194,SP196,0.5,1.5
19-11-2025 16:26,SP194,SP197,0.5,1.5
19-11-2025 16:26,SP194,SP198,1,1
19-11-2025 16:26,SP194,SP199,0.5,1.5
19-11-2025 16:26,SP194,SP200,0.5,1.5
19-11-2025 16:26,SP194,SP201,0.5,1.5
19-11-2025 16:26,SP194,SP202,1,1
19-11-2025 16:26,SP195,SP196,1,1
19-11-2025 16:26,SP195,SP197,2,0
19-11-2025 16:26,SP195,SP198,1,1
19-11-2025 16:26,SP195,SP199,0,2
19-11-2025 16:26,SP195,SP200,0,2
19-11-2025 16:26,SP195,SP201,0,2
19-11-2025 16:26,SP195,SP202,0,2
19-11-2025 16:26,SP196,SP197,0.5,1.5
19-11-2025 16:26,SP196,SP198,2,0
19-11-2025 16:26,SP196,SP199,2,0
19-11-2025 16:26,SP196,SP200,1.5,0.5
19-11-2025 16:26,SP196,SP201,1.5,0.5
19-11-2025 16:26,SP196,SP202,1,1
19-11-2025 16:26,SP197,SP198,0,2
19-11-2025 16:26,SP197,SP199,2,0
19-11-2025 16:26,SP197,SP200,2,0
19-11-2025 16:26,SP197,SP201,0,2
19-11-2025 16:26,SP197,SP202,2,0
19-11-2025 16:26,SP198,SP199,0,2
19-11-2025 16:26,SP198,SP200,2,0
19-11-2025 16:26,SP198,SP201,1.5,0.5
19-11-2025 16:26,SP198,SP202,0,2
19-11-2025 16:26,SP199,SP200,1,1
19-11-2025 16:26,SP199,SP201,0.5,1.5
19-11-2025 16:26,SP199,SP202,0,2
19-11-2025 16:26,SP200,SP201,0.5,1.5
19-11-2025 16:26,SP200,SP202,0.5,1.5
19-11-2025 16:26,SP201,SP202,2,0
